timestamp,event_type,priority,function,subfunction,node_id,len,d0,d1,d2,d3,d4,d5,d6,d7,
1584318444796896,MSG_RX,0x00,0xf0,0xf1,0x34,2,0x00,0x00,0x00,0x00,0x00,0x00,0x00,0x00,
1584318444796906,MSG_RX,0x01,0xf4,0xd0,0x10,3,0x11,0x2E,0x4E,0x00,0x00,0x00,0x00,0x00,
1584318444846897,MSG_RX,0x00,0xf0,0xf1,0x34,2,0x00,0x01,0x00,0x00,0x00,0x00,0x00,0x00,
1584318444896894,MSG_RX,0x00,0xf0,0xf1,0x34,2,0x00,0x02,0x00,0x00,0x00,0x00,0x00,0x00,
1584318444896905,MSG_RX,0x01,0xf4,0xd0,0x10,3,0x11,0x2E,0x4E,0x00,0x00,0x00,0x00,0x00,
1584318444946896,MSG_RX,0x00,0xf0,0xf1,0x34,2,0x00,0x03,0x00,0x00,0x00,0x00,0x00,0x00,
1584318444996894,MSG_RX,0x00,0xf0,0xf1,0x34,2,0x00,0x04,0x00,0x00,0x00,0x00,0x00,0x00,
1584318445046893,MSG_RX,0x00,0xf0,0xf1,0x34,2,0x00,0x05,0x00,0x00,0x00,0x00,0x00,0x00,
1584318445096891,MSG_RX,0x00,0xf0,0xf1,0x34,2,0x00,0x06,0x00,0x00,0x00,0x00,0x00,0x00,
1584318445146890,MSG_RX,0x00,0xf0,0xf1,0x34,2,0x00,0x07,0x00,0x00,0x00,0x00,0x00,0x00,
1584318445146900,MSG_RX,0x01,0xf4,0xd0,0x10,3,0x11,0x2E,0x4E,0x00,0x00,0x00,0x00,0x00,
1584318445196888,MSG_RX,0x00,0xf0,0xf1,0x34,2,0x00,0x08,0x00,0x00,0x00,0x00,0x00,0x00,
1584318445246885,MSG_RX,0x00,0xf0,0xf1,0x34,2,0x00,0x09,0x00,0x00,0x00,0x00,0x00,0x00,
1584318445246896,MSG_RX,0x01,0xf4,0xd0,0x10,3,0x11,0x2E,0x4E,0x00,0x00,0x00,0x00,0x00,
1584318445296887,MSG_RX,0x00,0xf0,0xf1,0x34,2,0x00,0x0A,0x00,0x00,0x00,0x00,0x00,0x00,
1584318445296897,MSG_RX,0x01,0xf4,0xd0,0x10,3,0x11,0x2E,0x4E,0x00,0x00,0x00,0x00,0x00,
1584318445346884,MSG_RX,0x00,0xf0,0xf1,0x34,2,0x00,0x0B,0x00,0x00,0x00,0x00,0x00,0x00,
1584318445346895,MSG_RX,0x01,0xf4,0xd0,0x10,3,0x11,0x2E,0x4E,0x00,0x00,0x00,0x00,0x00,
1584318445396882,MSG_RX,0x00,0xf0,0xf1,0x34,2,0x00,0x0C,0x00,0x00,0x00,0x00,0x00,0x00,
1584318445446880,MSG_RX,0x00,0xf0,0xf1,0x34,2,0x00,0x0D,0x00,0x00,0x00,0x00,0x00,0x00,
1584318445446892,MSG_RX,0x01,0xf4,0xd0,0x10,3,0x11,0x2E,0x4E,0x00,0x00,0x00,0x00,0x00,
1584318445496878,MSG_RX,0x00,0xf0,0xf1,0x34,2,0x00,0x0E,0x00,0x00,0x00,0x00,0x00,0x00,
1584318445496889,MSG_RX,0x01,0xf4,0xd0,0x10,3,0x11,0x2E,0x4E,0x00,0x00,0x00,0x00,0x00,
1584318445546875,MSG_RX,0x00,0xf0,0xf1,0x34,2,0x00,0x0F,0x00,0x00,0x00,0x00,0x00,0x00,
1584318445596872,MSG_RX,0x00,0xf0,0xf1,0x34,2,0x00,0x10,0x00,0x00,0x00,0x00,0x00,0x00,
1584318445646873,MSG_RX,0x00,0xf0,0xf1,0x34,2,0x00,0x11,0x00,0x00,0x00,0x00,0x00,0x00,
1584318445696875,MSG_RX,0x00,0xf0,0xf1,0x34,2,0x00,0x12,0x00,0x00,0x00,0x00,0x00,0x00,
1584318445746872,MSG_RX,0x00,0xf0,0xf1,0x34,2,0x00,0x13,0x00,0x00,0x00,0x00,0x00,0x00,
1584318445746884,MSG_RX,0x01,0xf4,0xd0,0x10,3,0x11,0x2E,0x4E,0x00,0x00,0x00,0x00,0x00,
1584318445796871,MSG_RX,0x00,0xf0,0xf1,0x34,2,0x00,0x00,0x00,0x00,0x00,0x00,0x00,0x00,
1584318445796882,MSG_RX,0x01,0xf4,0xd0,0x10,3,0x11,0x2E,0x4E,0x00,0x00,0x00,0x00,0x00,
1584318445846871,MSG_RX,0x00,0xf0,0xf1,0x34,2,0x00,0x01,0x00,0x00,0x00,0x00,0x00,0x00,
1584318445846881,MSG_RX,0x01,0xf4,0xd0,0x10,3,0x11,0x2E,0x4E,0x00,0x00,0x00,0x00,0x00,
1584318445896868,MSG_RX,0x00,0xf0,0xf1,0x34,2,0x00,0x02,0x00,0x00,0x00,0x00,0x00,0x00,
1584318445896879,MSG_RX,0x01,0xf4,0xd0,0x10,3,0x11,0x2E,0x4E,0x00,0x00,0x00,0x00,0x00,
1584318445946868,MSG_RX,0x00,0xf0,0xf1,0x34,2,0x00,0x03,0x00,0x00,0x00,0x00,0x00,0x00,
1584318445996865,MSG_RX,0x00,0xf0,0xf1,0x34,2,0x00,0x04,0x00,0x00,0x00,0x00,0x00,0x00,
1584318446046866,MSG_RX,0x00,0xf0,0xf1,0x34,2,0x00,0x05,0x00,0x00,0x00,0x00,0x00,0x00,
1584318446046876,MSG_RX,0x01,0xf4,0xd0,0x10,3,0x11,0x2E,0x4E,0x00,0x00,0x00,0x00,0x00,
1584318446096867,MSG_RX,0x00,0xf0,0xf1,0x34,2,0x00,0x06,0x00,0x00,0x00,0x00,0x00,0x00,
1584318446146868,MSG_RX,0x00,0xf0,0xf1,0x34,2,0x00,0x07,0x00,0x00,0x00,0x00,0x00,0x00,
1584318446196870,MSG_RX,0x00,0xf0,0xf1,0x34,2,0x00,0x08,0x00,0x00,0x00,0x00,0x00,0x00,
1584318446246868,MSG_RX,0x00,0xf0,0xf1,0x34,2,0x00,0x09,0x00,0x00,0x00,0x00,0x00,0x00,
1584318446246879,MSG_RX,0x01,0xf4,0xd0,0x10,3,0x11,0x2E,0x4E,0x00,0x00,0x00,0x00,0x00,
1584318446296865,MSG_RX,0x00,0xf0,0xf1,0x34,2,0x00,0x0A,0x00,0x00,0x00,0x00,0x00,0x00,
1584318446296875,MSG_RX,0x01,0xf4,0xd0,0x10,3,0x11,0x2E,0x4E,0x00,0x00,0x00,0x00,0x00,
1584318446346867,MSG_RX,0x00,0xf0,0xf1,0x34,2,0x00,0x0B,0x00,0x00,0x00,0x00,0x00,0x00,
1584318446396869,MSG_RX,0x00,0xf0,0xf1,0x34,2,0x00,0x0C,0x00,0x00,0x00,0x00,0x00,0x00,
1584318446446868,MSG_RX,0x00,0xf0,0xf1,0x34,2,0x00,0x0D,0x00,0x00,0x00,0x00,0x00,0x00,
1584318446446878,MSG_RX,0x01,0xf4,0xd0,0x10,3,0x11,0x2E,0x4E,0x00,0x00,0x00,0x00,0x00,
1584318446496867,MSG_RX,0x00,0xf0,0xf1,0x34,2,0x00,0x0E,0x00,0x00,0x00,0x00,0x00,0x00,
1584318446496878,MSG_RX,0x01,0xf4,0xd0,0x10,3,0x11,0x2E,0x4E,0x00,0x00,0x00,0x00,0x00,
1584318446546865,MSG_RX,0x00,0xf0,0xf1,0x34,2,0x00,0x0F,0x00,0x00,0x00,0x00,0x00,0x00,
1584318446546876,MSG_RX,0x01,0xf4,0xd0,0x10,3,0x11,0x2E,0x4E,0x00,0x00,0x00,0x00,0x00,
1584318446596866,MSG_RX,0x00,0xf0,0xf1,0x34,2,0x00,0x10,0x00,0x00,0x00,0x00,0x00,0x00,
1584318446646864,MSG_RX,0x00,0xf0,0xf1,0x34,2,0x00,0x11,0x00,0x00,0x00,0x00,0x00,0x00,
1584318446696861,MSG_RX,0x00,0xf0,0xf1,0x34,2,0x00,0x12,0x00,0x00,0x00,0x00,0x00,0x00,
1584318446696873,MSG_RX,0x01,0xf4,0xd0,0x10,3,0x11,0x2E,0x4E,0x00,0x00,0x00,0x00,0x00,
1584318446746862,MSG_RX,0x00,0xf0,0xf1,0x34,2,0x00,0x13,0x00,0x00,0x00,0x00,0x00,0x00,
1584318446746873,MSG_RX,0x01,0xf4,0xd0,0x10,3,0x11,0x2E,0x4E,0x00,0x00,0x00,0x00,0x00,
1584318446796859,MSG_RX,0x00,0xf0,0xf1,0x34,2,0x00,0x00,0x00,0x00,0x00,0x00,0x00,0x00,
1584318446846861,MSG_RX,0x00,0xf0,0xf1,0x34,2,0x00,0x01,0x00,0x00,0x00,0x00,0x00,0x00,
1584318446896863,MSG_RX,0x00,0xf0,0xf1,0x34,2,0x00,0x02,0x00,0x00,0x00,0x00,0x00,0x00,
1584318446896873,MSG_RX,0x01,0xf4,0xd0,0x10,3,0x11,0x2E,0x4E,0x00,0x00,0x00,0x00,0x00,
1584318446946862,MSG_RX,0x00,0xf0,0xf1,0x34,2,0x00,0x03,0x00,0x00,0x00,0x00,0x00,0x00,
1584318446946872,MSG_RX,0x01,0xf4,0xd0,0x10,3,0x11,0x2E,0x4E,0x00,0x00,0x00,0x00,0x00,
1584318446996863,MSG_RX,0x00,0xf0,0xf1,0x34,2,0x00,0x04,0x00,0x00,0x00,0x00,0x00,0x00,
1584318446996875,MSG_RX,0x01,0xf4,0xd0,0x10,3,0x11,0x2E,0x4E,0x00,0x00,0x00,0x00,0x00,
1584318447046862,MSG_RX,0x00,0xf0,0xf1,0x34,2,0x00,0x05,0x00,0x00,0x00,0x00,0x00,0x00,
1584318447096862,MSG_RX,0x00,0xf0,0xf1,0x34,2,0x00,0x06,0x00,0x00,0x00,0x00,0x00,0x00,
1584318447146864,MSG_RX,0x00,0xf0,0xf1,0x34,2,0x00,0x07,0x00,0x00,0x00,0x00,0x00,0x00,
1584318447196862,MSG_RX,0x00,0xf0,0xf1,0x34,2,0x00,0x08,0x00,0x00,0x00,0x00,0x00,0x00,
1584318447246863,MSG_RX,0x00,0xf0,0xf1,0x34,2,0x00,0x09,0x00,0x00,0x00,0x00,0x00,0x00,
1584318447246873,MSG_RX,0x01,0xf4,0xd0,0x10,3,0x11,0x2E,0x4E,0x00,0x00,0x00,0x00,0x00,
1584318447296865,MSG_RX,0x00,0xf0,0xf1,0x34,2,0x00,0x0A,0x00,0x00,0x00,0x00,0x00,0x00,
1584318447296875,MSG_RX,0x01,0xf4,0xd0,0x10,3,0x11,0x2E,0x4E,0x00,0x00,0x00,0x00,0x00,
1584318447346864,MSG_RX,0x00,0xf0,0xf1,0x34,2,0x00,0x0B,0x00,0x00,0x00,0x00,0x00,0x00,
1584318447346876,MSG_RX,0x01,0xf4,0xd0,0x10,3,0x11,0x2E,0x4E,0x00,0x00,0x00,0x00,0x00,
1584318447396866,MSG_RX,0x00,0xf0,0xf1,0x34,2,0x00,0x0C,0x00,0x00,0x00,0x00,0x00,0x00,
1584318447396877,MSG_RX,0x01,0xf4,0xd0,0x10,3,0x11,0x2E,0x4E,0x00,0x00,0x00,0x00,0x00,
1584318447446868,MSG_RX,0x00,0xf0,0xf1,0x34,2,0x00,0x0D,0x00,0x00,0x00,0x00,0x00,0x00,
1584318447446878,MSG_RX,0x01,0xf4,0xd0,0x10,3,0x11,0x2E,0x4E,0x00,0x00,0x00,0x00,0x00,
1584318447496869,MSG_RX,0x00,0xf0,0xf1,0x34,2,0x00,0x0E,0x00,0x00,0x00,0x00,0x00,0x00,
1584318447496881,MSG_RX,0x01,0xf4,0xd0,0x10,3,0x11,0x2E,0x4E,0x00,0x00,0x00,0x00,0x00,
1584318447546866,MSG_RX,0x00,0xf0,0xf1,0x34,2,0x00,0x0F,0x00,0x00,0x00,0x00,0x00,0x00,
1584318447546877,MSG_RX,0x01,0xf4,0xd0,0x10,3,0x11,0x2E,0x4E,0x00,0x00,0x00,0x00,0x00,
1584318447596865,MSG_RX,0x00,0xf0,0xf1,0x34,2,0x00,0x10,0x00,0x00,0x00,0x00,0x00,0x00,
1584318447646863,MSG_RX,0x00,0xf0,0xf1,0x34,2,0x00,0x11,0x00,0x00,0x00,0x00,0x00,0x00,
1584318447646874,MSG_RX,0x01,0xf4,0xd0,0x10,3,0x11,0x2E,0x4E,0x00,0x00,0x00,0x00,0x00,
1584318447696863,MSG_RX,0x00,0xf0,0xf1,0x34,2,0x00,0x12,0x00,0x00,0x00,0x00,0x00,0x00,
1584318447746865,MSG_RX,0x00,0xf0,0xf1,0x34,2,0x00,0x13,0x00,0x00,0x00,0x00,0x00,0x00,
1584318447796863,MSG_RX,0x00,0xf0,0xf1,0x34,2,0x00,0x00,0x00,0x00,0x00,0x00,0x00,0x00,
1584318447796874,MSG_RX,0x01,0xf4,0xd0,0x10,3,0x11,0x2E,0x4E,0x00,0x00,0x00,0x00,0x00,
1584318447846862,MSG_RX,0x00,0xf0,0xf1,0x34,2,0x00,0x01,0x00,0x00,0x00,0x00,0x00,0x00,
1584318447846872,MSG_RX,0x01,0xf4,0xd0,0x10,3,0x11,0x2E,0x4E,0x00,0x00,0x00,0x00,0x00,
1584318447896864,MSG_RX,0x00,0xf0,0xf1,0x34,2,0x00,0x02,0x00,0x00,0x00,0x00,0x00,0x00,
1584318447896874,MSG_RX,0x01,0xf4,0xd0,0x10,3,0x11,0x2E,0x4E,0x00,0x00,0x00,0x00,0x00,
1584318447946863,MSG_RX,0x00,0xf0,0xf1,0x34,2,0x00,0x03,0x00,0x00,0x00,0x00,0x00,0x00,
1584318447946874,MSG_RX,0x01,0xf4,0xd0,0x10,3,0x11,0x2E,0x4E,0x00,0x00,0x00,0x00,0x00,
1584318447996863,MSG_RX,0x00,0xf0,0xf1,0x34,2,0x00,0x04,0x00,0x00,0x00,0x00,0x00,0x00,
1584318447996875,MSG_RX,0x01,0xf4,0xd0,0x10,3,0x11,0x2E,0x4E,0x00,0x00,0x00,0x00,0x00,
1584318448046863,MSG_RX,0x00,0xf0,0xf1,0x34,2,0x00,0x05,0x00,0x00,0x00,0x00,0x00,0x00,
1584318448046874,MSG_RX,0x01,0xf4,0xd0,0x10,3,0x11,0x2E,0x4E,0x00,0x00,0x00,0x00,0x00,
1584318448096865,MSG_RX,0x00,0xf0,0xf1,0x34,2,0x00,0x06,0x00,0x00,0x00,0x00,0x00,0x00,
1584318448096875,MSG_RX,0x01,0xf4,0xd0,0x10,3,0x11,0x2E,0x4E,0x00,0x00,0x00,0x00,0x00,
1584318448146862,MSG_RX,0x00,0xf0,0xf1,0x34,2,0x00,0x07,0x00,0x00,0x00,0x00,0x00,0x00,
1584318448196862,MSG_RX,0x00,0xf0,0xf1,0x34,2,0x00,0x08,0x00,0x00,0x00,0x00,0x00,0x00,
1584318448196872,MSG_RX,0x01,0xf4,0xd0,0x10,3,0x11,0x2E,0x4E,0x00,0x00,0x00,0x00,0x00,
1584318448246863,MSG_RX,0x00,0xf0,0xf1,0x34,2,0x00,0x09,0x00,0x00,0x00,0x00,0x00,0x00,
1584318448296864,MSG_RX,0x00,0xf0,0xf1,0x34,2,0x00,0x0A,0x00,0x00,0x00,0x00,0x00,0x00,
1584318448346865,MSG_RX,0x00,0xf0,0xf1,0x34,2,0x00,0x0B,0x00,0x00,0x00,0x00,0x00,0x00,
1584318448346875,MSG_RX,0x01,0xf4,0xd0,0x10,3,0x11,0x2E,0x4E,0x00,0x00,0x00,0x00,0x00,
1584318448396863,MSG_RX,0x00,0xf0,0xf1,0x34,2,0x00,0x0C,0x00,0x00,0x00,0x00,0x00,0x00,
1584318448396873,MSG_RX,0x01,0xf4,0xd0,0x10,3,0x11,0x2E,0x4E,0x00,0x00,0x00,0x00,0x00,
1584318448446865,MSG_RX,0x00,0xf0,0xf1,0x34,2,0x00,0x0D,0x00,0x00,0x00,0x00,0x00,0x00,
1584318448496867,MSG_RX,0x00,0xf0,0xf1,0x34,2,0x00,0x0E,0x00,0x00,0x00,0x00,0x00,0x00,
1584318448496879,MSG_RX,0x01,0xf4,0xd0,0x10,3,0x11,0x2E,0x4E,0x00,0x00,0x00,0x00,0x00,
1584318448546865,MSG_RX,0x00,0xf0,0xf1,0x34,2,0x00,0x0F,0x00,0x00,0x00,0x00,0x00,0x00,
1584318448546876,MSG_RX,0x01,0xf4,0xd0,0x10,3,0x11,0x2E,0x4E,0x00,0x00,0x00,0x00,0x00,
1584318448596865,MSG_RX,0x00,0xf0,0xf1,0x34,2,0x00,0x10,0x00,0x00,0x00,0x00,0x00,0x00,
1584318448596877,MSG_RX,0x01,0xf4,0xd0,0x10,3,0x11,0x2E,0x4E,0x00,0x00,0x00,0x00,0x00,
1584318448646867,MSG_RX,0x00,0xf0,0xf1,0x34,2,0x00,0x11,0x00,0x00,0x00,0x00,0x00,0x00,
1584318448646878,MSG_RX,0x01,0xf4,0xd0,0x10,3,0x11,0x2E,0x4E,0x00,0x00,0x00,0x00,0x00,
1584318448696866,MSG_RX,0x00,0xf0,0xf1,0x34,2,0x00,0x12,0x00,0x00,0x00,0x00,0x00,0x00,
1584318448746867,MSG_RX,0x00,0xf0,0xf1,0x34,2,0x00,0x13,0x00,0x00,0x00,0x00,0x00,0x00,
1584318448796869,MSG_RX,0x00,0xf0,0xf1,0x34,2,0x00,0x00,0x00,0x00,0x00,0x00,0x00,0x00,
1584318448796881,MSG_RX,0x01,0xf4,0xd0,0x10,3,0x11,0x2E,0x4E,0x00,0x00,0x00,0x00,0x00,
1584318448846871,MSG_RX,0x00,0xf0,0xf1,0x34,2,0x00,0x01,0x00,0x00,0x00,0x00,0x00,0x00,
1584318448846883,MSG_RX,0x01,0xf4,0xd0,0x10,3,0x11,0x2E,0x4E,0x00,0x00,0x00,0x00,0x00,
1584318448896869,MSG_RX,0x00,0xf0,0xf1,0x34,2,0x00,0x02,0x00,0x00,0x00,0x00,0x00,0x00,
1584318448946869,MSG_RX,0x00,0xf0,0xf1,0x34,2,0x00,0x03,0x00,0x00,0x00,0x00,0x00,0x00,
1584318448996871,MSG_RX,0x00,0xf0,0xf1,0x34,2,0x00,0x04,0x00,0x00,0x00,0x00,0x00,0x00,
1584318448996881,MSG_RX,0x01,0xf4,0xd0,0x10,3,0x11,0x2E,0x4E,0x00,0x00,0x00,0x00,0x00,
1584318449046872,MSG_RX,0x00,0xf0,0xf1,0x34,2,0x00,0x05,0x00,0x00,0x00,0x00,0x00,0x00,
1584318449046882,MSG_RX,0x01,0xf4,0xd0,0x10,3,0x11,0x2E,0x4E,0x00,0x00,0x00,0x00,0x00,
1584318449096870,MSG_RX,0x00,0xf0,0xf1,0x34,2,0x00,0x06,0x00,0x00,0x00,0x00,0x00,0x00,
1584318449146870,MSG_RX,0x00,0xf0,0xf1,0x34,2,0x00,0x07,0x00,0x00,0x00,0x00,0x00,0x00,
1584318449196872,MSG_RX,0x00,0xf0,0xf1,0x34,2,0x00,0x08,0x00,0x00,0x00,0x00,0x00,0x00,
1584318449196883,MSG_RX,0x01,0xf4,0xd0,0x10,3,0x11,0x2E,0x4E,0x00,0x00,0x00,0x00,0x00,
1584318449246870,MSG_RX,0x00,0xf0,0xf1,0x34,2,0x00,0x09,0x00,0x00,0x00,0x00,0x00,0x00,
1584318449246881,MSG_RX,0x01,0xf4,0xd0,0x10,3,0x11,0x2E,0x4E,0x00,0x00,0x00,0x00,0x00,
1584318449296871,MSG_RX,0x00,0xf0,0xf1,0x34,2,0x00,0x0A,0x00,0x00,0x00,0x00,0x00,0x00,
1584318449296881,MSG_RX,0x01,0xf4,0xd0,0x10,3,0x11,0x2E,0x4E,0x00,0x00,0x00,0x00,0x00,
1584318449346870,MSG_RX,0x00,0xf0,0xf1,0x34,2,0x00,0x0B,0x00,0x00,0x00,0x00,0x00,0x00,
1584318449346880,MSG_RX,0x01,0xf4,0xd0,0x10,3,0x11,0x2E,0x4E,0x00,0x00,0x00,0x00,0x00,
1584318449396872,MSG_RX,0x00,0xf0,0xf1,0x34,2,0x00,0x0C,0x00,0x00,0x00,0x00,0x00,0x00,
1584318449396884,MSG_RX,0x01,0xf4,0xd0,0x10,3,0x11,0x2E,0x4E,0x00,0x00,0x00,0x00,0x00,
1584318449446871,MSG_RX,0x00,0xf0,0xf1,0x34,2,0x00,0x0D,0x00,0x00,0x00,0x00,0x00,0x00,
1584318449496869,MSG_RX,0x00,0xf0,0xf1,0x34,2,0x00,0x0E,0x00,0x00,0x00,0x00,0x00,0x00,
1584318449496879,MSG_RX,0x01,0xf4,0xd0,0x10,3,0x11,0x2E,0x4E,0x00,0x00,0x00,0x00,0x00,
1584318449546870,MSG_RX,0x00,0xf0,0xf1,0x34,2,0x00,0x0F,0x00,0x00,0x00,0x00,0x00,0x00,
1584318449596867,MSG_RX,0x00,0xf0,0xf1,0x34,2,0x00,0x10,0x00,0x00,0x00,0x00,0x00,0x00,
1584318449596879,MSG_RX,0x01,0xf4,0xd0,0x10,3,0x11,0x2E,0x4E,0x00,0x00,0x00,0x00,0x00,
1584318449646867,MSG_RX,0x00,0xf0,0xf1,0x34,2,0x00,0x11,0x00,0x00,0x00,0x00,0x00,0x00,
1584318449696868,MSG_RX,0x00,0xf0,0xf1,0x34,2,0x00,0x12,0x00,0x00,0x00,0x00,0x00,0x00,
1584318449746870,MSG_RX,0x00,0xf0,0xf1,0x34,2,0x00,0x13,0x00,0x00,0x00,0x00,0x00,0x00,
1584318449796870,MSG_RX,0x00,0xf0,0xf1,0x34,2,0x00,0x00,0x00,0x00,0x00,0x00,0x00,0x00,
1584318449846871,MSG_RX,0x00,0xf0,0xf1,0x34,2,0x00,0x01,0x00,0x00,0x00,0x00,0x00,0x00,
1584318449846882,MSG_RX,0x01,0xf4,0xd0,0x10,3,0x11,0x2E,0x4E,0x00,0x00,0x00,0x00,0x00,
1584318449896873,MSG_RX,0x00,0xf0,0xf1,0x34,2,0x00,0x02,0x00,0x00,0x00,0x00,0x00,0x00,
1584318449896884,MSG_RX,0x01,0xf4,0xd0,0x10,3,0x11,0x2E,0x4E,0x00,0x00,0x00,0x00,0x00,
1584318449946873,MSG_RX,0x00,0xf0,0xf1,0x34,2,0x00,0x03,0x00,0x00,0x00,0x00,0x00,0x00,
1584318449996870,MSG_RX,0x00,0xf0,0xf1,0x34,2,0x00,0x04,0x00,0x00,0x00,0x00,0x00,0x00,
1584318449996881,MSG_RX,0x01,0xf4,0xd0,0x10,3,0x11,0x2E,0x4E,0x00,0x00,0x00,0x00,0x00,
1584318450046871,MSG_RX,0x00,0xf0,0xf1,0x34,2,0x00,0x05,0x00,0x00,0x00,0x00,0x00,0x00,
1584318450096868,MSG_RX,0x00,0xf0,0xf1,0x34,2,0x00,0x06,0x00,0x00,0x00,0x00,0x00,0x00,
1584318450146869,MSG_RX,0x00,0xf0,0xf1,0x34,2,0x00,0x07,0x00,0x00,0x00,0x00,0x00,0x00,
1584318450146879,MSG_RX,0x01,0xf4,0xd0,0x10,3,0x11,0x2E,0x4E,0x00,0x00,0x00,0x00,0x00,
1584318450196870,MSG_RX,0x00,0xf0,0xf1,0x34,2,0x00,0x08,0x00,0x00,0x00,0x00,0x00,0x00,
1584318450196880,MSG_RX,0x01,0xf4,0xd0,0x10,3,0x11,0x2E,0x4E,0x00,0x00,0x00,0x00,0x00,
1584318450246869,MSG_RX,0x00,0xf0,0xf1,0x34,2,0x00,0x09,0x00,0x00,0x00,0x00,0x00,0x00,
1584318450296867,MSG_RX,0x00,0xf0,0xf1,0x34,2,0x00,0x0A,0x00,0x00,0x00,0x00,0x00,0x00,
1584318450296879,MSG_RX,0x01,0xf4,0xd0,0x10,3,0x11,0x2E,0x4E,0x00,0x00,0x00,0x00,0x00,
1584318450346865,MSG_RX,0x00,0xf0,0xf1,0x34,2,0x00,0x0B,0x00,0x00,0x00,0x00,0x00,0x00,
1584318450396863,MSG_RX,0x00,0xf0,0xf1,0x34,2,0x00,0x0C,0x00,0x00,0x00,0x00,0x00,0x00,
1584318450446865,MSG_RX,0x00,0xf0,0xf1,0x34,2,0x00,0x0D,0x00,0x00,0x00,0x00,0x00,0x00,
1584318450446876,MSG_RX,0x01,0xf4,0xd0,0x10,3,0x11,0x2E,0x4E,0x00,0x00,0x00,0x00,0x00,
1584318450496863,MSG_RX,0x00,0xf0,0xf1,0x34,2,0x00,0x0E,0x00,0x00,0x00,0x00,0x00,0x00,
1584318450546860,MSG_RX,0x00,0xf0,0xf1,0x34,2,0x00,0x0F,0x00,0x00,0x00,0x00,0x00,0x00,
1584318450596857,MSG_RX,0x00,0xf0,0xf1,0x34,2,0x00,0x10,0x00,0x00,0x00,0x00,0x00,0x00,
1584318450646858,MSG_RX,0x00,0xf0,0xf1,0x34,2,0x00,0x11,0x00,0x00,0x00,0x00,0x00,0x00,
1584318450696859,MSG_RX,0x00,0xf0,0xf1,0x34,2,0x00,0x12,0x00,0x00,0x00,0x00,0x00,0x00,
1584318450746861,MSG_RX,0x00,0xf0,0xf1,0x34,2,0x00,0x13,0x00,0x00,0x00,0x00,0x00,0x00,
1584318450746873,MSG_RX,0x01,0xf4,0xd0,0x10,3,0x11,0x2E,0x4E,0x00,0x00,0x00,0x00,0x00,
1584318450796859,MSG_RX,0x00,0xf0,0xf1,0x34,2,0x00,0x00,0x00,0x00,0x00,0x00,0x00,0x00,
1584318450796870,MSG_RX,0x01,0xf4,0xd0,0x10,3,0x11,0x2E,0x4E,0x00,0x00,0x00,0x00,0x00,
1584318450846861,MSG_RX,0x00,0xf0,0xf1,0x34,2,0x00,0x01,0x00,0x00,0x00,0x00,0x00,0x00,
1584318450896859,MSG_RX,0x00,0xf0,0xf1,0x34,2,0x00,0x02,0x00,0x00,0x00,0x00,0x00,0x00,
1584318450946857,MSG_RX,0x00,0xf0,0xf1,0x34,2,0x00,0x03,0x00,0x00,0x00,0x00,0x00,0x00,
1584318450946867,MSG_RX,0x01,0xf4,0xd0,0x10,3,0x11,0x2E,0x4E,0x00,0x00,0x00,0x00,0x00,
1584318450996859,MSG_RX,0x00,0xf0,0xf1,0x34,2,0x00,0x04,0x00,0x00,0x00,0x00,0x00,0x00,
1584318450996870,MSG_RX,0x01,0xf4,0xd0,0x10,3,0x11,0x2E,0x4E,0x00,0x00,0x00,0x00,0x00,
1584318451046856,MSG_RX,0x00,0xf0,0xf1,0x34,2,0x00,0x05,0x00,0x00,0x00,0x00,0x00,0x00,
1584318451096857,MSG_RX,0x00,0xf0,0xf1,0x34,2,0x00,0x06,0x00,0x00,0x00,0x00,0x00,0x00,
1584318451096868,MSG_RX,0x01,0xf4,0xd0,0x10,3,0x11,0x2E,0x4E,0x00,0x00,0x00,0x00,0x00,
1584318451146858,MSG_RX,0x00,0xf0,0xf1,0x34,2,0x00,0x07,0x00,0x00,0x00,0x00,0x00,0x00,
1584318451196858,MSG_RX,0x00,0xf0,0xf1,0x34,2,0x00,0x08,0x00,0x00,0x00,0x00,0x00,0x00,
1584318451196868,MSG_RX,0x01,0xf4,0xd0,0x10,3,0x11,0x2E,0x4E,0x00,0x00,0x00,0x00,0x00,
1584318451246859,MSG_RX,0x00,0xf0,0xf1,0x34,2,0x00,0x09,0x00,0x00,0x00,0x00,0x00,0x00,
1584318451246870,MSG_RX,0x01,0xf4,0xd0,0x10,3,0x11,0x2E,0x4E,0x00,0x00,0x00,0x00,0x00,
1584318451296856,MSG_RX,0x00,0xf0,0xf1,0x34,2,0x00,0x0A,0x00,0x00,0x00,0x00,0x00,0x00,
1584318451346858,MSG_RX,0x00,0xf0,0xf1,0x34,2,0x00,0x0B,0x00,0x00,0x00,0x00,0x00,0x00,
1584318451396857,MSG_RX,0x00,0xf0,0xf1,0x34,2,0x00,0x0C,0x00,0x00,0x00,0x00,0x00,0x00,
1584318451396867,MSG_RX,0x01,0xf4,0xd0,0x10,3,0x11,0x2E,0x4E,0x00,0x00,0x00,0x00,0x00,
1584318451446859,MSG_RX,0x00,0xf0,0xf1,0x34,2,0x00,0x0D,0x00,0x00,0x00,0x00,0x00,0x00,
1584318451446869,MSG_RX,0x01,0xf4,0xd0,0x10,3,0x11,0x2E,0x4E,0x00,0x00,0x00,0x00,0x00,
1584318451496859,MSG_RX,0x00,0xf0,0xf1,0x34,2,0x00,0x0E,0x00,0x00,0x00,0x00,0x00,0x00,
1584318451496869,MSG_RX,0x01,0xf4,0xd0,0x10,3,0x11,0x2E,0x4E,0x00,0x00,0x00,0x00,0x00,
1584318451546859,MSG_RX,0x00,0xf0,0xf1,0x34,2,0x00,0x0F,0x00,0x00,0x00,0x00,0x00,0x00,
1584318451596858,MSG_RX,0x00,0xf0,0xf1,0x34,2,0x00,0x10,0x00,0x00,0x00,0x00,0x00,0x00,
1584318451646855,MSG_RX,0x00,0xf0,0xf1,0x34,2,0x00,0x11,0x00,0x00,0x00,0x00,0x00,0x00,
1584318451696853,MSG_RX,0x00,0xf0,0xf1,0x34,2,0x00,0x12,0x00,0x00,0x00,0x00,0x00,0x00,
1584318451696864,MSG_RX,0x01,0xf4,0xd0,0x10,3,0x11,0x2E,0x4E,0x00,0x00,0x00,0x00,0x00,
1584318451746853,MSG_RX,0x00,0xf0,0xf1,0x34,2,0x00,0x13,0x00,0x00,0x00,0x00,0x00,0x00,
1584318451746865,MSG_RX,0x01,0xf4,0xd0,0x10,3,0x11,0x2E,0x4E,0x00,0x00,0x00,0x00,0x00,
1584318451796851,MSG_RX,0x00,0xf0,0xf1,0x34,2,0x00,0x00,0x00,0x00,0x00,0x00,0x00,0x00,
1584318451846851,MSG_RX,0x00,0xf0,0xf1,0x34,2,0x00,0x01,0x00,0x00,0x00,0x00,0x00,0x00,
1584318451846861,MSG_RX,0x01,0xf4,0xd0,0x10,3,0x11,0x2E,0x4E,0x00,0x00,0x00,0x00,0x00,
1584318451896849,MSG_RX,0x00,0xf0,0xf1,0x34,2,0x00,0x02,0x00,0x00,0x00,0x00,0x00,0x00,
1584318451946846,MSG_RX,0x00,0xf0,0xf1,0x34,2,0x00,0x03,0x00,0x00,0x00,0x00,0x00,0x00,
1584318451946858,MSG_RX,0x01,0xf4,0xd0,0x10,3,0x11,0x2E,0x4E,0x00,0x00,0x00,0x00,0x00,
1584318451996843,MSG_RX,0x00,0xf0,0xf1,0x34,2,0x00,0x04,0x00,0x00,0x00,0x00,0x00,0x00,
1584318452046842,MSG_RX,0x00,0xf0,0xf1,0x34,2,0x00,0x05,0x00,0x00,0x00,0x00,0x00,0x00,
1584318452046853,MSG_RX,0x01,0xf4,0xd0,0x10,3,0x11,0x2E,0x4E,0x00,0x00,0x00,0x00,0x00,
1584318452096840,MSG_RX,0x00,0xf0,0xf1,0x34,2,0x00,0x06,0x00,0x00,0x00,0x00,0x00,0x00,
1584318452096851,MSG_RX,0x01,0xf4,0xd0,0x10,3,0x11,0x2E,0x4E,0x00,0x00,0x00,0x00,0x00,
1584318452146839,MSG_RX,0x00,0xf0,0xf1,0x34,2,0x00,0x07,0x00,0x00,0x00,0x00,0x00,0x00,
1584318452196841,MSG_RX,0x00,0xf0,0xf1,0x34,2,0x00,0x08,0x00,0x00,0x00,0x00,0x00,0x00,
1584318452196851,MSG_RX,0x01,0xf4,0xd0,0x10,3,0x11,0x2E,0x4E,0x00,0x00,0x00,0x00,0x00,
1584318452246842,MSG_RX,0x00,0xf0,0xf1,0x34,2,0x00,0x09,0x00,0x00,0x00,0x00,0x00,0x00,
1584318452296840,MSG_RX,0x00,0xf0,0xf1,0x34,2,0x00,0x0A,0x00,0x00,0x00,0x00,0x00,0x00,
1584318452346841,MSG_RX,0x00,0xf0,0xf1,0x34,2,0x00,0x0B,0x00,0x00,0x00,0x00,0x00,0x00,
1584318452346853,MSG_RX,0x01,0xf4,0xd0,0x10,3,0x11,0x2E,0x4E,0x00,0x00,0x00,0x00,0x00,
1584318452396842,MSG_RX,0x00,0xf0,0xf1,0x34,2,0x00,0x0C,0x00,0x00,0x00,0x00,0x00,0x00,
1584318452396852,MSG_RX,0x01,0xf4,0xd0,0x10,3,0x11,0x2E,0x4E,0x00,0x00,0x00,0x00,0x00,
1584318452446841,MSG_RX,0x00,0xf0,0xf1,0x34,2,0x00,0x0D,0x00,0x00,0x00,0x00,0x00,0x00,
1584318452446851,MSG_RX,0x01,0xf4,0xd0,0x10,3,0x11,0x2E,0x4E,0x00,0x00,0x00,0x00,0x00,
1584318452496840,MSG_RX,0x00,0xf0,0xf1,0x34,2,0x00,0x0E,0x00,0x00,0x00,0x00,0x00,0x00,
1584318452496851,MSG_RX,0x01,0xf4,0xd0,0x10,3,0x11,0x2E,0x4E,0x00,0x00,0x00,0x00,0x00,
1584318452546842,MSG_RX,0x00,0xf0,0xf1,0x34,2,0x00,0x0F,0x00,0x00,0x00,0x00,0x00,0x00,
1584318452596841,MSG_RX,0x00,0xf0,0xf1,0x34,2,0x00,0x10,0x00,0x00,0x00,0x00,0x00,0x00,
1584318452646838,MSG_RX,0x00,0xf0,0xf1,0x34,2,0x00,0x11,0x00,0x00,0x00,0x00,0x00,0x00,
1584318452646849,MSG_RX,0x01,0xf4,0xd0,0x10,3,0x11,0x2E,0x4E,0x00,0x00,0x00,0x00,0x00,
1584318452696838,MSG_RX,0x00,0xf0,0xf1,0x34,2,0x00,0x12,0x00,0x00,0x00,0x00,0x00,0x00,
1584318452696849,MSG_RX,0x01,0xf4,0xd0,0x10,3,0x11,0x2E,0x4E,0x00,0x00,0x00,0x00,0x00,
1584318452746840,MSG_RX,0x00,0xf0,0xf1,0x34,2,0x00,0x13,0x00,0x00,0x00,0x00,0x00,0x00,
1584318452796840,MSG_RX,0x00,0xf0,0xf1,0x34,2,0x00,0x00,0x00,0x00,0x00,0x00,0x00,0x00,
1584318452796852,MSG_RX,0x01,0xf4,0xd0,0x10,3,0x11,0x2E,0x4E,0x00,0x00,0x00,0x00,0x00,
1584318452846838,MSG_RX,0x00,0xf0,0xf1,0x34,2,0x00,0x01,0x00,0x00,0x00,0x00,0x00,0x00,
1584318452846850,MSG_RX,0x01,0xf4,0xd0,0x10,3,0x11,0x2E,0x4E,0x00,0x00,0x00,0x00,0x00,
1584318452896840,MSG_RX,0x00,0xf0,0xf1,0x34,2,0x00,0x02,0x00,0x00,0x00,0x00,0x00,0x00,
1584318452946841,MSG_RX,0x00,0xf0,0xf1,0x34,2,0x00,0x03,0x00,0x00,0x00,0x00,0x00,0x00,
1584318452946853,MSG_RX,0x01,0xf4,0xd0,0x10,3,0x11,0x2E,0x4E,0x00,0x00,0x00,0x00,0x00,
1584318452996841,MSG_RX,0x00,0xf0,0xf1,0x34,2,0x00,0x04,0x00,0x00,0x00,0x00,0x00,0x00,
1584318452996853,MSG_RX,0x01,0xf4,0xd0,0x10,3,0x11,0x2E,0x4E,0x00,0x00,0x00,0x00,0x00,
1584318453046841,MSG_RX,0x00,0xf0,0xf1,0x34,2,0x00,0x05,0x00,0x00,0x00,0x00,0x00,0x00,
1584318453046852,MSG_RX,0x01,0xf4,0xd0,0x10,3,0x11,0x2E,0x4E,0x00,0x00,0x00,0x00,0x00,
1584318453096842,MSG_RX,0x00,0xf0,0xf1,0x34,2,0x00,0x06,0x00,0x00,0x00,0x00,0x00,0x00,
1584318453146840,MSG_RX,0x00,0xf0,0xf1,0x34,2,0x00,0x07,0x00,0x00,0x00,0x00,0x00,0x00,
1584318453196839,MSG_RX,0x00,0xf0,0xf1,0x34,2,0x00,0x08,0x00,0x00,0x00,0x00,0x00,0x00,
1584318453196849,MSG_RX,0x01,0xf4,0xd0,0x10,3,0x11,0x2E,0x4E,0x00,0x00,0x00,0x00,0x00,
1584318453246838,MSG_RX,0x00,0xf0,0xf1,0x34,2,0x00,0x09,0x00,0x00,0x00,0x00,0x00,0x00,
1584318453296838,MSG_RX,0x00,0xf0,0xf1,0x34,2,0x00,0x0A,0x00,0x00,0x00,0x00,0x00,0x00,
1584318453296849,MSG_RX,0x01,0xf4,0xd0,0x10,3,0x11,0x2E,0x4E,0x00,0x00,0x00,0x00,0x00,
1584318453346837,MSG_RX,0x00,0xf0,0xf1,0x34,2,0x00,0x0B,0x00,0x00,0x00,0x00,0x00,0x00,
1584318453396839,MSG_RX,0x00,0xf0,0xf1,0x34,2,0x00,0x0C,0x00,0x00,0x00,0x00,0x00,0x00,
1584318453446837,MSG_RX,0x00,0xf0,0xf1,0x34,2,0x00,0x0D,0x00,0x00,0x00,0x00,0x00,0x00,
1584318453496839,MSG_RX,0x00,0xf0,0xf1,0x34,2,0x00,0x0E,0x00,0x00,0x00,0x00,0x00,0x00,
1584318453496849,MSG_RX,0x01,0xf4,0xd0,0x10,3,0x11,0x2E,0x4E,0x00,0x00,0x00,0x00,0x00,
1584318453546841,MSG_RX,0x00,0xf0,0xf1,0x34,2,0x00,0x0F,0x00,0x00,0x00,0x00,0x00,0x00,
1584318453596841,MSG_RX,0x00,0xf0,0xf1,0x34,2,0x00,0x10,0x00,0x00,0x00,0x00,0x00,0x00,
1584318453646840,MSG_RX,0x00,0xf0,0xf1,0x34,2,0x00,0x11,0x00,0x00,0x00,0x00,0x00,0x00,
1584318453696838,MSG_RX,0x00,0xf0,0xf1,0x34,2,0x00,0x12,0x00,0x00,0x00,0x00,0x00,0x00,
1584318453696850,MSG_RX,0x01,0xf4,0xd0,0x10,3,0x11,0x2E,0x4E,0x00,0x00,0x00,0x00,0x00,
1584318453746839,MSG_RX,0x00,0xf0,0xf1,0x34,2,0x00,0x13,0x00,0x00,0x00,0x00,0x00,0x00,
1584318453746849,MSG_RX,0x01,0xf4,0xd0,0x10,3,0x11,0x2E,0x4E,0x00,0x00,0x00,0x00,0x00,
1584318453796838,MSG_RX,0x00,0xf0,0xf1,0x34,2,0x00,0x00,0x00,0x00,0x00,0x00,0x00,0x00,
1584318453796850,MSG_RX,0x01,0xf4,0xd0,0x10,3,0x11,0x2E,0x4E,0x00,0x00,0x00,0x00,0x00,
1584318453846838,MSG_RX,0x00,0xf0,0xf1,0x34,2,0x00,0x01,0x00,0x00,0x00,0x00,0x00,0x00,
1584318453846849,MSG_RX,0x01,0xf4,0xd0,0x10,3,0x11,0x2E,0x4E,0x00,0x00,0x00,0x00,0x00,
1584318453896840,MSG_RX,0x00,0xf0,0xf1,0x34,2,0x00,0x02,0x00,0x00,0x00,0x00,0x00,0x00,
1584318453896852,MSG_RX,0x01,0xf4,0xd0,0x10,3,0x11,0x2E,0x4E,0x00,0x00,0x00,0x00,0x00,
1584318453946840,MSG_RX,0x00,0xf0,0xf1,0x34,2,0x00,0x03,0x00,0x00,0x00,0x00,0x00,0x00,
1584318453996838,MSG_RX,0x00,0xf0,0xf1,0x34,2,0x00,0x04,0x00,0x00,0x00,0x00,0x00,0x00,
1584318453996848,MSG_RX,0x01,0xf4,0xd0,0x10,3,0x11,0x2E,0x4E,0x00,0x00,0x00,0x00,0x00,
1584318454046838,MSG_RX,0x00,0xf0,0xf1,0x34,2,0x00,0x05,0x00,0x00,0x00,0x00,0x00,0x00,
1584318454096838,MSG_RX,0x00,0xf0,0xf1,0x34,2,0x00,0x06,0x00,0x00,0x00,0x00,0x00,0x00,
1584318454146837,MSG_RX,0x00,0xf0,0xf1,0x34,2,0x00,0x07,0x00,0x00,0x00,0x00,0x00,0x00,
1584318454146847,MSG_RX,0x01,0xf4,0xd0,0x10,3,0x11,0x2E,0x4E,0x00,0x00,0x00,0x00,0x00,
1584318454196834,MSG_RX,0x00,0xf0,0xf1,0x34,2,0x00,0x08,0x00,0x00,0x00,0x00,0x00,0x00,
1584318454246836,MSG_RX,0x00,0xf0,0xf1,0x34,2,0x00,0x09,0x00,0x00,0x00,0x00,0x00,0x00,
1584318454246846,MSG_RX,0x01,0xf4,0xd0,0x10,3,0x11,0x2E,0x4E,0x00,0x00,0x00,0x00,0x00,
1584318454296838,MSG_RX,0x00,0xf0,0xf1,0x34,2,0x00,0x0A,0x00,0x00,0x00,0x00,0x00,0x00,
1584318454296848,MSG_RX,0x01,0xf4,0xd0,0x10,3,0x11,0x2E,0x4E,0x00,0x00,0x00,0x00,0x00,
1584318454346836,MSG_RX,0x00,0xf0,0xf1,0x34,2,0x00,0x0B,0x00,0x00,0x00,0x00,0x00,0x00,
1584318454396833,MSG_RX,0x00,0xf0,0xf1,0x34,2,0x00,0x0C,0x00,0x00,0x00,0x00,0x00,0x00,
1584318454446830,MSG_RX,0x00,0xf0,0xf1,0x34,2,0x00,0x0D,0x00,0x00,0x00,0x00,0x00,0x00,
1584318454496832,MSG_RX,0x00,0xf0,0xf1,0x34,2,0x00,0x0E,0x00,0x00,0x00,0x00,0x00,0x00,
1584318454496844,MSG_RX,0x01,0xf4,0xd0,0x10,3,0x11,0x2E,0x4E,0x00,0x00,0x00,0x00,0x00,
1584318454546830,MSG_RX,0x00,0xf0,0xf1,0x34,2,0x00,0x0F,0x00,0x00,0x00,0x00,0x00,0x00,
1584318454596830,MSG_RX,0x00,0xf0,0xf1,0x34,2,0x00,0x10,0x00,0x00,0x00,0x00,0x00,0x00,
1584318454596841,MSG_RX,0x01,0xf4,0xd0,0x10,3,0x11,0x2E,0x4E,0x00,0x00,0x00,0x00,0x00,
1584318454646831,MSG_RX,0x00,0xf0,0xf1,0x34,2,0x00,0x11,0x00,0x00,0x00,0x00,0x00,0x00,
1584318454696829,MSG_RX,0x00,0xf0,0xf1,0x34,2,0x00,0x12,0x00,0x00,0x00,0x00,0x00,0x00,
1584318454696841,MSG_RX,0x01,0xf4,0xd0,0x10,3,0x11,0x2E,0x4E,0x00,0x00,0x00,0x00,0x00,
1584318454746826,MSG_RX,0x00,0xf0,0xf1,0x34,2,0x00,0x13,0x00,0x00,0x00,0x00,0x00,0x00,
1584318454746837,MSG_RX,0x01,0xf4,0xd0,0x10,3,0x11,0x2E,0x4E,0x00,0x00,0x00,0x00,0x00,
1584318454796825,MSG_RX,0x00,0xf0,0xf1,0x34,2,0x00,0x00,0x00,0x00,0x00,0x00,0x00,0x00,
1584318454796837,MSG_RX,0x01,0xf4,0xd0,0x10,3,0x11,0x2E,0x4E,0x00,0x00,0x00,0x00,0x00,
